Index,Height(Inches),Weight(Pounds)
1,65.78331,112.9925
2,71.51521,136.4873
3,69.39874,153.0269
4,68.2166,142.3354
5,67.78781,144.2971
6,68.69784,123.3024
7,69.80204,141.4947
8,70.01472,136.4623
9,67.90265,112.3723
10,66.78236,120.6672
11,66.48769,127.4516
12,67.62333,114.143
13,68.30248,125.6107
14,67.11656,122.4618
15,68.27967,116.0866
16,71.0916,139.9975
17,66.461,129.5023
18,68.64927,142.9733
19,71.23033,137.9025
20,67.13118,124.0449
21,67.83379,141.2807
22,68.87881,143.5392
23,63.48115,97.90191
24,68.42187,129.5027
25,67.62804,141.8501
26,67.20864,129.7244
27,70.84235,142.4235
28,67.49434,131.5502
29,66.53401,108.3324
30,65.44098,113.8922
31,69.5233,103.3016
32,65.8132,120.7536
33,67.8163,125.7886
34,70.59505,136.2225
35,71.80484,140.1015
36,69.20613,128.7487
37,66.80368,141.7994
38,67.65893,121.2319
39,67.80701,131.3478
40,64.04535,106.7115
41,68.57463,124.3598
42,65.18357,124.8591
43,69.65814,139.6711
44,67.96731,137.3696
45,65.98088,106.4499
46,68.67249,128.7639
47,66.88088,145.6837
48,67.69868,116.819
49,69.82117,143.6215
50,69.08817,134.9325
51,69.91479,147.0219
52,67.33182,126.3285
53,70.26939,125.4839
54,69.10344,115.7084
55,65.38356,123.4892
56,70.18447,147.8926
57,70.40617,155.8987
58,66.54376,128.0742
59,66.36418,119.3701
60,67.537,133.8148
61,66.50418,128.7325
62,68.99958,137.5453
63,68.30355,129.7604
64,67.01255,128.824
65,70.80592,135.3165
66,68.21951,109.6113
67,69.05914,142.4684
68,67.73103,132.749
69,67.21568,103.5275
70,67.36763,124.7299
71,65.27033,129.3137
72,70.84278,134.0175
73,69.92442,140.3969
74,64.28508,102.8351
75,68.2452,128.5214
76,66.35708,120.2991
77,68.36275,138.6036
78,65.4769,132.9574
79,69.71947,115.6233
80,67.72554,122.524
81,68.63941,134.6254
82,66.78405,121.8986
83,70.05147,155.3767
84,66.27848,128.9418
85,69.20198,129.1013
86,69.13481,139.4733
87,67.36436,140.8901
88,70.09297,131.5916
89,70.1766,121.1232
90,68.22556,131.5127
91,68.12932,136.5479
92,70.24256,141.4896
93,71.48752,140.6104
94,69.20477,112.1413
95,70.06306,133.457
96,70.55703,131.8001
97,66.28644,120.0285
98,63.42577,123.0972
99,66.76711,128.1432
100,68.88741,115.4759
101,64.87434,102.0927
102,67.09272,130.353
103,68.34761,134.1842
104,65.61073,98.64133
105,67.75551,114.5599
106,68.0212,123.4917
107,67.66193,123.048
108,66.3146,126.4772
109,69.43706,128.417
110,63.83624,127.1941
111,67.72277,122.0562
112,70.05098,127.6064
113,70.18602,131.6423
114,65.94588,111.8955
115,70.007,122.039
116,68.61129,128.5547
117,68.80817,132.6792
118,69.76212,136.0632
119,65.45539,115.9403
120,68.82534,136.9041
121,65.8003,119.8804
122,67.21474,109.0055
123,69.42021,128.2705
124,68.94396,135.2913
125,67.9415,106.8558
126,65.62506,123.2939
127,66.49607,109.5143
128,67.92809,119.3087
129,68.89415,140.2402
130,70.241,133.9841
131,68.26623,132.5807
132,71.23161,130.6988
133,69.09747,115.5637
134,64.39693,123.7941
135,71.09585,128.1427
136,68.21868,135.9646
137,65.91721,116.6273
138,67.4369,126.8241
139,73.90107,151.3913
140,69.98149,130.4022
141,69.51862,136.2068
142,65.18437,113.3989
143,68.00869,125.3287
144,68.3384,127.5846
145,65.18417,107.1564
146,68.26209,116.4588
147,68.56865,133.8402
148,64.49675,112.8901
149,68.71053,130.7568
150,68.89148,137.7571
151,69.54011,125.4036
152,67.39964,138.4659
153,66.47521,120.8184
154,66.01217,140.1539
155,72.44434,136.7397
156,64.12642,106.1139
157,70.98112,158.9562
158,67.50124,108.7868
159,72.01515,138.7758
160,65.31143,115.9136
161,67.07509,146.2922
162,64.39148,109.8765
163,69.37003,139.0499
164,68.37921,119.9001
165,65.31018,128.3069
166,67.1369,127.2428
167,68.39468,115.2306
168,66.2918,124.7975
169,67.1866,126.9511
170,65.99156,111.2711
171,69.43393,122.6089
172,67.97463,124.2084
173,67.76133,124.6453
174,65.27864,119.5169
175,73.83364,139.2983
176,66.81312,104.8265
177,66.89411,123.0424
178,65.73568,118.8923
179,65.98283,121.4939
180,66.58396,119.2488
181,67.11294,135.0239
182,65.87481,116.228
183,66.78067,109.1731
184,68.73577,124.2237
185,66.22666,141.1645
186,65.95968,129.1501
187,68.58372,127.8693
188,66.59347,120.9244
189,66.96574,127.6466
190,68.08015,101.4693
191,70.19025,144.9927
192,65.52149,110.9523
193,67.45905,132.8625
194,67.40985,146.3385
195,69.66158,145.5894
196,65.79799,120.8431
197,66.10558,115.7813
198,68.23987,128.3019
199,68.02403,127.4718
200,71.39044,127.8761
201,65.7316,121.4997
202,66.43358,112.7148
203,70.01309,135.002
204,69.48146,128.6789
205,68.62764,124.4062
206,68.36275,140.026
207,68.39028,117.519
208,68.77413,143.8737
209,69.9236,141.1703
210,71.55542,155.9414
211,68.44764,134.0093
212,66.71398,130.0975
213,66.68413,106.2265
214,67.93699,112.0489
215,68.89855,136.1884
216,67.29191,131.236
217,69.57212,131.3231
218,67.67479,119.5261
219,69.04155,116.9965
220,67.96765,138.5255
221,65.83982,109.6518
222,65.77288,130.1569
223,71.14106,137.1114
224,67.83055,113.759
225,65.0693,114.9725
226,69.70745,127.7149
227,69.92983,121.9972
228,66.11569,117.9607
229,68.61364,127.7141
230,68.9976,117.9619
231,66.79171,125.1554
232,68.02363,141.1026
233,69.67258,145.4822
234,71.82178,116.065
235,72.74676,135.7458
236,67.27951,132.9248
237,67.41015,115.6622
238,68.5315,114.3184
239,68.47126,148.952
240,68.51867,142.1878
241,63.72529,134.104
242,67.70483,141.8926
243,69.47115,138.7444
244,66.70198,134.449
245,65.23126,117.0167
246,69.89473,115.6752
247,69.83048,134.7905
248,65.3979,120.5746
249,68.32214,120.0835
250,65.93895,84.3598
251,70.09805,138.9394
252,66.05531,143.5245
253,68.23481,123.1347
254,65.21758,115.5261
255,69.16173,120.9844
256,67.60064,120.6473
257,67.28621,124.0352
258,66.84323,117.2238
259,68.08281,127.9598
260,66.56991,116.7527
261,70.16973,121.9957
262,67.85113,123.9952
263,66.62309,108.855
264,63.68816,104.6574
265,68.0356,132.248
266,66.941,127.1834
267,66.26292,125.1209
268,70.7301,133.322
269,70.70844,122.3364
270,73.26872,130.2636
271,63.79021,116.7431
272,67.84109,125.8534
273,67.78058,100.627
274,67.23901,118.4945
275,66.75701,137.1255
276,69.03098,118.6991
277,68.52652,124.1641
278,64.65419,124.9442
279,65.14295,126.3889
280,66.74124,121.5255
281,66.99923,133.2951
282,70.26611,127.4072
283,67.57666,125.08
284,66.30582,102.8114
285,68.90702,134.2212
286,65.60543,100.9758
287,68.00189,145.8886
288,69.93715,155.3046
289,70.1459,138.7175
290,66.66364,116.2611
291,69.40676,120.6087
292,66.80598,114.4083
293,67.70048,133.3406
294,69.13438,92.74955
295,67.53769,131.7825
296,65.77912,118.3865
297,66.25769,131.1466
298,67.39038,130.2033
299,64.94327,129.1836
300,69.25699,143.1445
301,69.07739,138.7307
302,69.64403,130.9528
303,69.07705,124.3032
304,68.01304,135.3702
305,68.85664,124.1988
306,63.19158,111.2389
307,65.57591,129.4037
308,69.12101,127.7444
309,69.78765,121.3311
310,67.48203,118.2183
311,69.08809,123.3441
312,68.5529,151.9118
313,68.21327,115.3108
314,67.1012,122.3844
315,71.23661,129.2323
316,69.11946,138.2824
317,65.49848,144.0565
318,66.58706,120.8482
319,67.99831,113.3034
320,72.57747,149.3227
321,67.97585,130.6373
322,66.62347,122.387
323,67.29574,133.8677
324,65.95951,134.8336
325,66.54011,137.8363
326,68.07723,112.6812
327,65.83291,121.1964
328,69.23721,114.9262
329,64.69413,110.3762
330,69.21372,126.0337
331,67.16792,118.7008
332,67.8467,119.3108
333,69.27389,150.7397
334,67.90547,121.1142
335,67.076,118.4065
336,70.01531,142.759
337,70.05454,145.6305
338,70.86714,127.3425
339,66.0586,115.9678
340,65.23745,104.4441
341,68.7413,138.4905
342,69.51946,145.5049
343,70.30764,124.4065
344,67.29982,124.1866
345,67.60582,126.1659
346,67.85566,138.8125
347,66.46536,121.5515
348,68.92071,114.2555
349,68.46886,129.4022
350,69.5193,137.5583
351,70.23956,134.4996
352,67.85651,127.7103
353,68.00435,115.6709
354,67.13983,131.5906
355,68.09931,127.5839
356,68.99077,125.7211
357,69.32618,119.9885
358,70.09286,140.8676
359,68.74304,136.9164
360,64.18633,118.4759
361,66.09074,129.5516
362,69.24418,152.0714
363,69.66512,120.8646
364,68.42721,136.1027
365,68.28613,130.0611
366,69.37684,131.7743
367,68.35315,139.38
368,72.32489,168.229
369,70.37159,127.6446
370,65.72927,131.8008
371,66.49627,122.8561
372,70.81339,140.2133
373,67.37579,142.6929
374,67.79709,137.4299
375,68.1607,126.0392
376,68.85782,143.5985
377,67.71342,122.62
378,64.66007,108.6044
379,65.73721,100.6617
380,68.42441,116.1397
381,68.88946,140.5293
382,68.27367,125.6907
383,69.18045,134.3329
384,72.60996,136.4649
385,66.04157,127.8822
386,69.2288,123.1361
387,68.87697,116.3375
388,66.46042,124.5581
389,69.30444,125.7853
390,67.58249,107.5905
391,69.41816,143.0236
392,67.46867,118.7434
393,66.44873,118.9856
394,68.76185,131.8744
395,63.76881,119.3691
396,69.03663,126.1223
397,66.48966,126.6122
398,66.74224,113.5597
399,67.69394,115.8413
400,66.69066,130.2738
401,67.02877,125.4542
402,65.91096,117.1655
403,70.0304,137.3184
404,69.26978,149.4447
405,70.07695,151.0695
406,64.90942,116.9994
407,69.68744,138.1787
408,67.56524,127.621
409,63.85529,120.7514
410,71.6189,144.2537
411,64.98993,105.7939
412,64.60759,120.1567
413,62.01666,109.0848
414,65.28516,125.971
415,67.70163,110.2325
416,70.85794,134.4706
417,68.17075,115.5067
418,67.45006,125.1086
419,71.04224,116.4113
420,67.83032,133.3944
421,67.15488,108.7478
422,68.30289,134.3986
423,65.41208,131.2085
424,68.66755,130.8318
425,70.06733,127.0838
426,69.13413,119.4067
427,67.02078,105.5616
428,65.52274,134.4733
429,70.19808,132.6897
430,67.66866,126.058
431,69.73257,126.3532
432,67.61719,142.3603
433,70.79589,124.5873
434,69.65804,122.3604
435,66.73277,123.2298
436,67.58008,131.4049
437,65.25317,124.3037
438,70.71387,128.3836
439,71.27374,136.853
440,66.55913,118.0569
441,68.04247,121.4969
442,68.11699,119.2811
443,71.2367,126.5545
444,66.92387,129.2477
445,71.10381,134.7804
446,69.41466,146.0725
447,69.16807,162.4109
448,68.57725,130.1885
449,69.60315,132.1941
450,69.05087,127.4591
451,68.28699,125.3466
452,69.25276,134.7559
453,68.23862,121.9395
454,67.6868,125.6688
455,68.84083,145.956
456,69.52061,119.9207
457,66.97668,111.5093
458,72.0053,138.676
459,67.44482,135.0151
460,66.06214,116.509
461,65.5747,123.9575
462,68.30171,136.952
463,71.02603,153.0797
464,70.76882,126.357
465,67.50812,145.0614
466,69.50936,135.1739
467,66.4455,108.806
468,68.5689,110.5155
469,67.01296,138.2685
470,68.70004,119.5111
471,68.23013,115.3214
472,70.40713,132.3684
473,65.69989,93.99438
474,65.7031,127.4051
475,68.48055,134.3024
476,66.62891,124.9721
477,66.84285,124.072
478,69.89734,133.5476
479,67.6543,134.1509
480,68.30917,130.2489
481,69.74848,138.0935
482,68.57906,126.6064
483,68.14477,131.8076
484,67.98093,131.7363
485,64.82535,117.6261
486,69.20785,126.1943
487,69.2656,127.5132
488,70.9403,142.4785
489,69.07826,139.444
490,66.20183,110.3204
491,71.05779,131.9541
492,68.99493,129.2037
493,70.96089,124.3513
494,66.02496,126.5251
495,69.8641,149.2303
496,66.82802,142.1577
497,69.09424,127.1436
498,66.81425,122.3353
499,67.13183,112.6659
500,64.57428,134.2647
501,68.68038,120.6936
502,67.53724,115.783
503,71.17732,128.6855
504,70.53514,134.7611
505,71.53411,118.3419
506,66.77301,106.1557
507,66.33636,126.3823
508,64.83095,114.3716
509,68.38247,130.2787
510,68.05038,123.3066
511,69.09149,122.8571
512,69.91046,125.6932
513,68.40737,111.7247
514,68.32559,125.5516
515,66.95555,119.9702
516,70.54816,132.6043
517,69.37805,132.6738
518,67.52012,117.4521
519,64.87142,101.8549
520,69.13396,128.4418
521,68.81192,134.0414
522,67.56446,127.7511
523,68.16772,127.6172
524,65.80687,139.3971
525,64.92276,113.9381
526,68.35584,147.5188
527,66.71546,132.6523
528,69.18196,132.8139
529,65.88795,105.0942
530,66.03733,127.5187
531,69.44194,130.7305
532,67.14847,128.5815
533,65.69442,122.5699
534,69.42723,157.2961
535,66.54503,121.1097
536,69.04469,147.5061
537,67.62036,117.493
538,69.59105,132.4472
539,68.12343,118.1774
540,71.22641,123.7319
541,66.43285,130.365
542,66.31808,122.8882
543,68.02724,107.8693
544,68.2876,118.591
545,66.91609,125.6467
546,71.77546,148.6016
547,66.04535,150.279
548,69.01455,127.0678
549,68.70744,128.7122
550,65.012,118.4233
551,66.05857,125.3879
552,71.16403,149.2676
553,67.55274,107.3484
554,68.83455,133.6992
555,68.11811,124.8508
556,67.90528,112.7028
557,67.64085,127.8407
558,69.78282,134.1615
559,67.99889,138.6031
560,69.41465,126.044
561,70.42989,129.5856
562,67.67519,134.1054
563,67.88036,106.1251
564,68.06905,127.0561
565,66.99435,121.9241
566,71.57689,150.7365
567,64.36564,116.0061
568,67.93011,125.4748
569,69.91863,131.6099
570,69.93864,129.0696
571,66.79766,129.1117
572,70.11119,148.1624
573,68.94814,105.388
574,68.02886,110.5447
575,69.36148,118.6402
576,68.44886,122.8151
577,65.70282,124.887
578,69.55674,135.7695
579,65.84635,116.4563
580,68.79983,125.3617
581,69.03835,133.122
582,67.36352,138.3328
583,70.35788,124.4972
584,69.88828,136.7205
585,65.15319,115.0153
586,69.40907,132.6366
587,68.50874,143.1323
588,65.71552,134.7422
589,63.98308,122.6246
590,70.07685,153.5634
591,68.42542,126.289
592,68.23665,134.7206
593,67.82856,134.5987
594,66.31277,118.3945
595,69.75128,121.2997
596,65.70901,132.2844
597,66.88227,139.0617
598,67.2791,110.698
599,70.63357,154.1073
600,69.9377,124.1592
601,65.87671,134.5173
602,72.44694,138.2622
603,70.07052,149.0801
604,67.68486,127.0075
605,66.1151,117.8222
606,69.94355,148.9096
607,68.24317,128.2151
608,68.80144,129.6944
609,66.61818,125.5674
610,70.18701,128.7947
611,65.58971,124.187
612,68.69566,151.4167
613,64.88639,106.9803
614,69.81993,145.6221
615,66.33962,121.5926
616,70.4434,130.9386
617,69.99163,135.6203
618,70.13617,123.9315
619,67.1793,131.9955
620,68.2034,117.484
621,67.76121,129.6577
622,64.79753,122.3706
623,66.47871,114.5867
624,66.98337,116.5401
625,65.69991,139.4307
626,66.82705,123.4822
627,66.35141,132.5492
628,70.13491,143.4013
629,70.11565,132.9429
630,64.56145,98.8972
631,68.15724,122.4342
632,67.1475,104.6767
633,70.88927,142.7847
634,68.16218,130.9283
635,71.19657,143.827
636,67.92444,142.2832
637,65.30204,107.9441
638,66.40756,105.6891
639,71.30647,125.4007
640,69.05997,106.4195
641,65.95442,118.5371
642,69.63776,136.7836
643,71.10495,145.9328
644,66.21851,129.637
645,66.13469,108.4955
646,67.7851,121.2537
647,66.67737,135.7399
648,69.99408,137.5026
649,71.1441,124.0052
650,68.63927,128.8613
651,69.08548,133.6811
652,67.97389,106.5185
653,65.94809,113.0398
654,66.02102,125.9639
655,71.23576,140.2945
656,67.52674,143.229
657,71.06935,145.8063
658,68.27178,128.1697
659,67.31932,134.1839
660,68.98848,140.2166
661,68.404,146.3453
662,67.092,132.0784
663,66.76866,122.13
664,65.64636,131.4693
665,65.34105,129.5167
666,68.18299,125.7451
667,70.65924,153.1384
668,65.94401,124.5559
669,69.62792,134.8225
670,68.29965,115.3877
671,70.06075,117.9618
672,68.43602,124.5647
673,69.27012,134.4043
674,67.70511,129.3092
675,70.89315,133.1423
676,70.54313,147.3609
677,71.58086,155.0132
678,68.42301,126.2905
679,69.35781,134.4605
680,70.445,134.0296
681,67.38153,128.9248
682,67.50767,123.0543
683,68.52054,112.1788
684,66.80858,111.7443
685,72.38532,148.4615
686,68.51642,136.7459
687,70.79791,133.2068
688,66.21905,116.8855
689,68.31167,124.8542
690,67.1715,121.5809
691,67.7714,123.197
692,67.47328,137.1255
693,67.77463,121.4941
694,69.20099,150.9398
695,70.04297,142.3009
696,70.56979,134.7527
697,66.45379,133.5585
698,67.68132,136.0895
699,65.75638,95.20216
700,69.3549,119.7404
701,70.5902,152.9146
702,67.27626,140.1991
703,68.48853,145.2503
704,67.02188,119.4855
705,65.77613,123.512
706,65.96579,110.6754
707,68.18868,111.4951
708,72.08595,139.4849
709,66.85358,133.088
710,69.10929,133.5196
711,64.5909,112.7698
712,67.03849,124.7975
713,68.99156,123.4224
714,70.59872,142.0921
715,70.08988,116.2814
716,65.6844,131.1256
717,67.0982,131.2493
718,66.03932,127.2422
719,69.26423,122.4523
720,66.61351,115.2431
721,68.11738,126.9532
722,69.73059,143.4439
723,64.02042,125.377
724,66.23753,109.0095
725,72.46761,139.2411
726,66.21938,102.182
727,71.2978,144.3898
728,63.1255,83.08527
729,70.93034,145.3938
730,68.25489,134.9267
731,64.78014,134.678
732,65.42982,111.4963
733,68.91361,119.7951
734,64.96937,95.70426
735,66.15237,117.159
736,65.98386,127.2356
737,69.2435,144.9205
738,68.31982,122.8464
739,70.11607,134.19
740,68.63521,124.9776
741,67.74289,135.8441
742,64.58641,120.8222
743,64.66165,125.0174
744,65.90771,133.5474
745,65.77649,124.5583
746,67.1506,135.9691
747,72.24339,143.5738
748,68.73199,130.5725
749,67.57019,127.192
750,70.36234,141.2372
751,63.62233,107.4236
752,66.20711,122.3234
753,66.22114,111.6055
754,70.0722,137.8915
755,69.6563,142.8742
756,66.25043,114.4349
757,68.0704,128.2736
758,67.14808,134.5725
759,68.76609,140.1034
760,68.12075,121.977
761,65.72987,111.4248
762,69.17439,135.0756
763,70.36351,132.9826
764,70.78557,117.7566
765,70.88083,134.9877
766,66.62148,151.6121
767,69.9829,128.9287
768,66.92866,120.1575
769,71.45806,125.6007
770,69.66344,127.8292
771,69.30943,136.1354
772,66.59775,116.2841
773,64.20209,127.0777
774,68.23051,125.7165
775,70.09021,121.0749
776,70.9755,122.7382
777,64.93134,119.4545
778,66.90106,132.9048
779,69.19803,132.8687
780,68.4149,124.3486
781,66.3163,132.2198
782,72.13467,142.804
783,65.74613,129.605
784,69.96677,128.5326
785,65.11417,112.9919
786,67.43294,122.0795
787,66.39785,118.396
788,67.18769,130.1299
789,67.68597,111.6824
790,67.77469,142.2452
791,63.62937,122.6049
792,66.447,122.8198
793,71.9233,119.1123
794,67.92214,139.4335
795,68.01143,141.3353
796,67.76524,119.787
797,69.19791,136.326
798,67.00109,118.4099
799,67.09659,137.692
800,69.85144,129.078
801,67.42782,123.4642
802,68.1104,115.4311
803,68.29433,129.931
804,69.45176,135.9563
805,69.08219,127.8134
806,70.91753,139.1014
807,64.20566,109.2132
808,71.10315,124.6154
809,72.08523,136.221
810,66.15119,120.4722
811,67.52898,116.1659
812,67.17586,115.5093
813,72.92955,141.9961
814,65.54112,135.4869
815,69.08487,135.1305
816,65.28991,108.2494
817,68.53447,125.1277
818,71.32802,142.8947
819,66.88095,128.2978
820,67.91196,128.268
821,67.00238,103.5665
822,68.27584,156.1069
823,66.20276,104.9661
824,64.24214,121.6365
825,67.43738,132.0066
826,64.50081,118.4079
827,68.89607,135.3898
828,70.32908,140.6633
829,64.31742,111.6703
830,67.11253,128.0328
831,68.01206,130.4737
832,68.25267,128.2127
833,67.76873,142.8202
834,67.44291,123.0804
835,65.73581,117.8771
836,69.64372,130.9274
837,71.92818,129.1735
838,69.39435,144.5784
839,67.14717,115.8635
840,69.1469,116.5322
841,66.90594,141.9947
842,67.838,132.1304
843,68.09614,135.2607
844,66.14093,127.0684
845,71.16386,129.844
846,67.55757,134.5066
847,70.01279,121.3609
848,72.56431,143.1486
849,66.60224,124.7741
850,68.51802,120.1546
851,66.34638,139.4163
852,69.02692,131.6743
853,69.12446,131.07
854,68.24578,129.8914
855,68.4869,123.344
856,70.68261,137.5314
857,70.35969,136.8886
858,67.62401,118.4024
859,69.4463,116.2441
860,67.92486,124.8433
861,68.39347,120.9809
862,66.31812,105.1208
863,71.22882,145.4377
864,65.29169,108.1912
865,66.00287,130.3778
866,67.61775,117.5157
867,69.10276,135.8762
868,68.99743,127.5126
869,69.07531,151.3998
870,68.34086,112.4799
871,71.68196,156.7554
872,68.77664,138.2098
873,66.18191,109.5685
874,72.37092,139.9742
875,66.85155,124.5873
876,65.75688,130.5023
877,69.69245,151.0783
878,66.27915,108.7722
879,66.47752,105.9927
880,68.71912,143.4301
881,68.29244,114.7434
882,67.66696,123.7736
883,71.29885,139.4769
884,67.07369,115.8201
885,70.68048,146.5682
886,71.40114,153.9993
887,71.00392,137.5899
888,66.2799,125.9287
889,68.05383,139.6939
890,64.16346,126.3585
891,66.87966,113.9307
892,70.52968,129.7605
893,65.45595,116.1925
894,69.11331,139.1294
895,67.94221,126.9815
896,67.2132,125.8352
897,67.6372,113.524
898,70.09365,123.2372
899,64.41354,123.0554
900,69.77698,128.133
901,66.58181,127.9357
902,68.14995,110.4678
903,66.18165,127.9364
904,66.79412,118.1678
905,67.1657,129.7243
906,68.01904,130.6094
907,66.95837,105.0414
908,68.70397,122.6299
909,69.68057,138.3259
910,66.52793,107.7381
911,66.46981,141.4417
912,71.44643,153.6966
913,66.62648,134.5551
914,64.01015,109.6593
915,65.03312,117.2029
916,66.77216,124.2843
917,68.91932,125.2193
918,71.22926,133.2256
919,71.10332,122.6042
920,69.80699,134.8652
921,67.09127,111.4506
922,67.27958,116.8458
923,71.86593,143.1527
924,67.20197,99.92383
925,68.44108,127.9232
926,67.20278,136.658
927,69.36588,145.3947
928,69.0416,126.6818
929,65.9056,128.1983
930,66.44766,122.8328
931,66.08009,133.2571
932,69.35367,116.7606
933,70.83359,144.0455
934,67.664,132.5153
935,65.30966,123.9832
936,66.66817,113.1423
937,66.93271,123.9512
938,67.73938,133.9787
939,64.27722,128.1519
940,66.83442,121.2878
941,65.89728,122.7107
942,67.6564,125.4136
943,68.68966,124.8761
944,66.08003,116.5903
945,66.91344,129.889
946,69.48392,123.889
947,68.60001,137.6571
948,69.21225,130.8805
949,67.63342,141.9706
950,65.73405,125.7334
951,66.09947,104.4108
952,67.65293,117.0685
953,67.59619,131.7669
954,69.57859,125.4738
955,66.08879,129.5734
956,70.08026,130.1053
957,65.00956,131.9305
958,69.16464,142.4645
959,69.61276,127.6431
960,71.48367,153.3153
961,69.47413,126.7609
962,69.0027,114.0258
963,69.5581,133.9684
964,68.63746,127.5869
965,67.20262,126.4859
966,66.07614,120.7651
967,66.18342,126.6479
968,70.80778,133.0747
969,67.158,125.9649
970,65.2973,121.3206
971,69.23494,129.7824
972,68.90768,130.0549
973,72.3478,123.4005
974,68.29557,137.2791
975,68.34735,127.7554
976,67.46476,133.6853
977,68.86803,113.9275
978,66.62471,135.6168
979,64.77193,122.6005
980,67.70647,118.9472
981,72.992,134.2703
982,70.95194,124.2747
983,67.95677,130.6981
984,67.20959,124.6797
985,66.36959,129.0839
986,67.63896,121.9456
987,69.74444,126.2689
988,68.17532,134.6122
989,66.89711,131.8476
990,67.4966,103.5828
991,66.51569,116.3925
992,66.88332,123.5095
993,69.7277,150.3395
994,69.78345,135.2437
995,65.40046,112.4584
996,67.99831,137.4861
997,72.25581,132.7902
998,70.79562,126.0286
999,65.18786,141.3591
1000,67.7123,135.9065
1001,70.05146,134.6655
1002,67.30497,122.0232
1003,66.39813,128.3502
1004,69.73637,130.6354
1005,68.71659,131.717
1006,63.88437,108.6132
1007,68.40851,114.5673
1008,67.93251,133.5136
1009,70.69674,135.8641
1010,68.95083,148.1093
1011,66.49457,123.5179
1012,68.59369,120.8406
1013,66.26442,116.2666
1014,69.58656,123.8986
1015,67.35651,119.32
1016,69.68727,119.4097
1017,68.44046,124.5933
1018,68.47973,130.8802
1019,65.45463,118.2058
1020,66.8085,109.6357
1021,70.05212,140.2298
1022,67.43558,121.5764
1023,66.54306,98.30262
1024,67.32353,117.6173
1025,67.9725,136.5104
1026,69.03858,148.9791
1027,67.69453,123.9665
1028,69.30508,133.5957
1029,65.39643,117.2334
1030,68.35638,123.5943
1031,65.36888,117.7674
1032,68.36499,137.2321
1033,71.15702,129.1996
1034,69.25532,142.4032
1035,66.6984,128.4838
1036,69.17548,115.3008
1037,68.31559,119.5309
1038,67.81616,121.7224
1039,68.56123,142.8442
1040,66.23085,110.1171
1041,68.95099,122.0958
1042,67.86761,124.8188
1043,68.05498,119.3169
1044,67.73986,132.4571
1045,69.83641,133.0316
1046,70.68574,160.8831
1047,64.54385,119.127
1048,67.93112,138.516
1049,67.77291,124.8232
1050,69.41312,135.9744
1051,67.77213,116.2254
1052,67.79965,139.2002
1053,67.98313,137.983
1054,69.97983,144.5084
1055,63.83261,109.1938
1056,65.57212,127.228
1057,69.34307,124.5517
1058,67.28398,114.926
1059,68.7435,132.5027
1060,69.03112,125.3892
1061,69.64426,128.4988
1062,66.70052,117.7319
1063,67.9143,112.9531
1064,64.36849,126.1835
1065,65.87507,118.7934
1066,67.07427,125.4388
1067,69.34545,124.9451
1068,69.83212,145.5139
1069,66.10245,116.7836
1070,69.26205,132.5216
1071,68.33525,114.8933
1072,69.38017,122.8594
1073,69.12887,130.5782
1074,68.44658,119.1058
1075,66.34542,133.8204
1076,70.03275,128.5779
1077,70.16523,139.0179
1078,68.18324,101.2876
1079,70.12378,140.958
1080,68.4296,134.6146
1081,66.43974,129.9482
1082,71.72703,139.064
1083,70.72387,135.1996
1084,68.09022,129.682
1085,70.12976,129.1395
1086,66.05393,129.0051
1087,69.77059,112.7357
1088,68.15816,126.1123
1089,69.91372,118.3724
1090,65.34461,122.9731
1091,68.35621,130.3663
1092,64.50585,114.226
1093,67.95491,115.7854
1094,68.57621,137.9526
1095,68.12257,112.2435
1096,68.77583,137.237
1097,67.92593,124.9418
1098,69.1484,135.0961
1099,63.20539,114.4199
1100,69.2442,122.1823
1101,65.88645,129.375
1102,67.85186,129.9448
1103,65.57418,140.4557
1104,66.70819,120.8977
1105,69.172,129.159
1106,69.23593,137.1397
1107,67.57232,145.2218
1108,69.50518,140.0956
1109,70.60288,124.12
1110,66.54152,135.6875
1111,69.11494,127.756
1112,69.951,144.0475
1113,67.70347,131.9333
1114,69.19028,135.5263
1115,67.8047,151.3579
1116,67.62532,124.7073
1117,70.36898,135.274
1118,71.02595,136.5388
1119,69.8452,137.8778
1120,67.08638,114.2066
1121,68.62013,141.5844
1122,64.37275,111.0969
1123,65.93523,126.3868
1124,65.24285,132.8885
1125,70.51481,144.7904
1126,66.61129,108.3859
1127,67.13394,124.1348
1128,66.77634,129.4462
1129,67.69385,131.3339
1130,67.82809,111.6411
1131,66.63254,111.6422
1132,67.62229,140.3178
1133,69.66798,125.5286
1134,62.75039,114.49
1135,64.53878,113.998
1136,68.01929,117.1931
1137,66.38551,138.3156
1138,70.18724,122.3712
1139,64.646,132.9431
1140,67.48819,124.0449
1141,72.01807,144.1591
1142,66.61356,115.4581
1143,65.81803,116.5192
1144,71.16185,139.6139
1145,68.51977,133.2364
1146,64.96088,120.025
1147,66.88268,123.1111
1148,70.3531,132.8462
1149,67.71744,120.9359
1150,66.03333,129.7702
1151,68.9826,136.9118
1152,68.60237,131.121
1153,66.8408,133.484
1154,68.03659,136.3871
1155,64.79586,131.4559
1156,70.55126,126.1986
1157,68.28166,115.046
1158,68.77574,130.3178
1159,67.09315,131.6954
1160,70.14303,135.6519
1161,65.46833,120.3029
1162,69.02275,129.1442
1163,74.24899,150.2167
1164,64.08575,120.2076
1165,67.57977,132.153
1166,69.19395,132.1247
1167,64.48615,119.5029
1168,68.75888,136.7629
1169,68.45184,147.7846
1170,66.44205,145.5992
1171,70.1756,124.9662
1172,67.1386,127.902
1173,66.91548,125.9147
1174,68.63357,109.6821
1175,66.95697,107.7733
1176,69.97351,134.1099
1177,66.92568,134.901
1178,68.76347,139.6364
1179,67.40692,127.0273
1180,65.74615,134.7717
1181,65.88357,99.97124
1182,66.77623,129.4522
1183,66.9622,129.3592
1184,63.46642,103.6594
1185,68.35224,115.7327
1186,64.43147,104.8874
1187,63.52175,131.0054
1188,66.86196,129.0709
1189,65.53651,102.5494
1190,71.82306,133.2257
1191,68.86538,146.3008
1192,70.79207,140.8125
1193,69.02139,132.4618
1194,67.3527,118.8437
1195,66.3294,133.4495
1196,67.75792,134.882
1197,68.64796,129.6789
1198,68.18784,136.7318
1199,71.53978,133.9981
1200,68.58959,128.1324
1201,71.33959,130.2482
1202,67.18757,130.2934
1203,67.70033,128.3208
1204,64.13048,134.0501
1205,69.90087,140.5808
1206,66.72044,115.1936
1207,69.3532,135.8445
1208,69.70788,142.8508
1209,67.73755,143.0931
1210,68.16879,114.9519
1211,71.94697,149.4261
1212,67.37481,132.0558
1213,65.34039,127.0174
1214,65.63768,103.3615
1215,68.91559,125.3216
1216,65.44571,130.6423
1217,68.11726,124.3662
1218,69.52284,140.6019
1219,69.40202,124.229
1220,70.00803,132.9642
1221,68.59817,130.2067
1222,64.76508,106.6241
1223,67.52805,108.9888
1224,66.71974,109.9473
1225,67.94808,124.363
1226,69.09682,131.5021
1227,70.04724,137.4264
1228,67.92097,116.0228
1229,67.99135,117.9061
1230,68.92023,116.7259
1231,66.75149,115.4633
1232,68.07152,129.9734
1233,68.75961,148.9128
1234,70.93048,126.0818
1235,68.29873,115.4952
1236,69.25316,158.7833
1237,68.39327,141.2064
1238,68.48007,129.838
1239,69.47286,137.0682
1240,66.33003,123.2428
1241,66.88679,117.9651
1242,65.20091,102.4998
1243,68.37273,130.6338
1244,67.10601,144.6224
1245,62.64242,100.1982
1246,69.06906,120.2937
1247,71.15727,144.3108
1248,68.93324,114.8805
1249,68.10686,141.5328
1250,64.45765,114.6963
1251,65.96736,121.6607
1252,68.73038,119.3241
1253,70.53564,135.206
1254,67.40711,115.9409
1255,66.11309,123.2264
1256,69.47433,133.0619
1257,70.95476,136.3442
1258,65.56715,124.1401
1259,65.49243,116.2944
1260,68.89342,133.1669
1261,67.59755,137.941
1262,66.1724,133.3173
1263,68.70371,114.2219
1264,65.47651,137.6516
1265,67.72604,131.5375
1266,70.02202,137.2221
1267,69.72107,135.1331
1268,67.90954,113.9257
1269,65.61306,132.5883
1270,71.40631,133.5753
1271,66.27843,106.7793
1272,65.0276,95.18466
1273,65.68922,114.2675
1274,66.85743,126.4804
1275,68.23,126.7087
1276,66.12036,110.9096
1277,71.32591,132.3678
1278,70.2075,133.7174
1279,71.03619,144.0125
1280,68.18528,129.9098
1281,68.99195,106.5697
1282,67.95745,121.9433
1283,69.49971,118.1623
1284,67.12538,106.6739
1285,67.75678,128.444
1286,67.67958,127.4595
1287,64.71984,102.93
1288,69.72873,127.8299
1289,68.50234,139.7868
1290,70.56446,133.2813
1291,66.58715,120.2949
1292,63.80202,102.4047
1293,66.38836,134.2056
1294,66.7895,121.4804
1295,66.99003,108.2574
1296,72.61998,145.8469
1297,67.80601,114.9258
1298,68.63913,124.6757
1299,65.81803,113.619
1300,66.5755,126.2651
1301,66.40067,124.0382
1302,66.75992,120.554
1303,69.02475,124.4235
1304,70.24902,130.1726
1305,70.18308,137.2733
1306,67.63509,126.9051
1307,66.43547,118.2885
1308,67.50559,119.6817
1309,68.19559,134.332
1310,66.32293,120.0364
1311,70.33673,140.2713
1312,67.9766,139.4025
1313,66.07451,105.1086
1314,68.00118,140.3289
1315,65.48497,139.7691
1316,66.99532,118.4896
1317,69.89331,121.8301
1318,68.03229,130.3482
1319,70.00989,138.2214
1320,66.91337,119.9847
1321,71.43101,141.5275
1322,64.42386,128.0746
1323,68.63254,122.6639
1324,70.14808,135.5841
1325,69.94628,158.7993
1326,66.40808,103.1971
1327,65.27161,122.9332
1328,67.02796,119.343
1329,66.333,139.5722
1330,70.05322,124.1145
1331,71.49315,132.5483
1332,67.11911,116.0712
1333,72.52115,162.8737
1334,68.59945,131.1394
1335,66.72202,124.8745
1336,68.33163,123.738
1337,66.52804,119.0115
1338,69.80841,135.4606
1339,70.18855,139.6563
1340,67.70646,120.3449
1341,66.73552,113.0404
1342,68.37589,115.658
1343,68.14008,128.6282
1344,65.33269,96.52385
1345,68.27634,122.6695
1346,69.17767,129.3968
1347,66.47919,128.8422
1348,66.27731,133.0853
1349,67.80211,130.1248
1350,72.66613,138.9119
1351,70.62111,138.9252
1352,67.45131,105.9085
1353,68.51925,135.4393
1354,72.05853,147.3129
1355,64.71472,108.7636
1356,66.49054,128.9625
1357,71.9151,147.7867
1358,68.37932,128.5716
1359,69.44208,127.4285
1360,65.67788,128.9123
1361,67.97944,123.3621
1362,68.18702,122.0501
1363,67.96766,159.6644
1364,67.69418,121.5022
1365,66.85727,124.3686
1366,68.50423,130.5608
1367,66.46892,117.7781
1368,70.53609,147.1473
1369,68.60163,128.6512
1370,67.13712,115.6854
1371,63.82574,104.102
1372,67.39413,122.4406
1373,71.3131,124.6131
1374,67.98003,100.4089
1375,67.8037,131.8038
1376,71.05584,134.7575
1377,70.6785,148.5516
1378,69.45454,151.3435
1379,67.75404,121.4032
1380,66.37759,132.7138
1381,66.90907,118.1243
1382,67.36022,120.412
1383,70.03559,141.4458
1384,74.19488,129.0597
1385,68.44192,129.3121
1386,68.86465,148.5716
1387,66.41874,112.319
1388,68.58215,130.0932
1389,69.01529,123.1712
1390,64.12752,99.36058
1391,72.58824,139.1404
1392,69.53845,131.9771
1393,69.32255,127.7025
1394,67.26117,136.8449
1395,68.8089,126.4916
1396,65.83333,111.1847
1397,69.14631,128.5255
1398,66.76436,123.1419
1399,68.10866,141.374
1400,66.52579,127.0178
1401,66.72267,118.0513
1402,66.66847,115.3536
1403,66.13808,136.9275
1404,68.04169,126.5685
1405,67.37032,129.216
1406,68.37927,142.1694
1407,68.64261,136.578
1408,67.06567,121.962
1409,69.29222,146.9053
1410,69.97624,142.657
1411,68.36664,140.2292
1412,68.2079,109.8398
1413,67.34824,134.8916
1414,65.91384,127.6066
1415,67.37608,108.9719
1416,70.77374,138.4284
1417,72.8469,151.4509
1418,64.95583,130.0036
1419,68.67514,113.0897
1420,68.73548,129.1464
1421,67.33471,133.1919
1422,66.68746,124.866
1423,65.85168,121.4815
1424,70.81582,137.8631
1425,65.09564,125.8314
1426,70.61931,135.3299
1427,67.96031,107.3931
1428,70.68803,144.1915
1429,66.34093,100.5991
1430,71.98092,130.1721
1431,70.17314,140.8988
1432,70.63179,143.6734
1433,64.87469,90.29334
1434,69.62426,130.4148
1435,65.17407,123.8754
1436,69.09608,154.0757
1437,71.81975,137.4948
1438,68.66104,141.8174
1439,67.17895,126.8401
1440,68.00257,131.9545
1441,70.77144,120.9803
1442,68.82564,119.7816
1443,70.04554,127.7472
1444,68.95339,134.2469
1445,64.41355,108.5235
1446,63.82854,125.0611
1447,68.3559,123.0197
1448,69.25516,129.8861
1449,73.38109,154.8178
1450,69.36199,151.9248
1451,70.71977,135.6969
1452,67.59075,127.2047
1453,70.98644,137.876
1454,67.73825,124.4771
1455,71.10527,154.6002
1456,71.95975,134.0699
1457,65.74155,117.4639
1458,65.64344,128.3519
1459,68.37038,118.1031
1460,70.50701,127.8238
1461,66.43263,129.914
1462,66.60278,131.3221
1463,68.03472,128.1544
1464,69.83384,122.8347
1465,68.22043,143.5868
1466,67.78035,106.5681
1467,67.1894,124.9457
1468,66.17013,113.6761
1469,65.98555,105.4988
1470,70.37458,125.3804
1471,66.98272,120.0159
1472,69.07135,135.0513
1473,64.39778,112.0501
1474,70.30031,126.6445
1475,68.46686,126.7371
1476,68.07287,138.6844
1477,69.65267,143.346
1478,67.85116,124.6758
1479,68.81195,119.2154
1480,68.88093,129.5162
1481,71.2914,141.2136
1482,64.93822,124.9304
1483,64.39593,117.6936
1484,67.61191,128.117
1485,65.36431,125.507
1486,68.57192,139.9115
1487,69.63015,132.5572
1488,64.66196,129.5233
1489,71.18005,139.3905
1490,65.6959,121.712
1491,66.05318,122.7607
1492,67.04924,117.4026
1493,68.42541,135.9146
1494,68.54306,123.838
1495,65.95454,102.8468
1496,66.95297,119.3281
1497,64.91704,104.4281
1498,66.59452,129.2376
1499,68.17706,138.2296
1500,69.573,138.6461
1501,71.65878,130.4121
1502,65.06775,124.4317
1503,66.85523,127.9011
1504,67.84366,125.2683
1505,69.22848,121.1672
1506,69.75159,128.1437
1507,67.48764,121.494
1508,68.12465,129.3746
1509,68.50207,127.4765
1510,67.50188,113.1406
1511,68.83511,132.5812
1512,65.40895,110.5741
1513,68.31175,139.194
1514,68.78411,128.757
1515,65.39974,132.9714
1516,66.754,125.0153
1517,65.37482,95.80713
1518,70.65043,152.9084
1519,70.97634,121.217
1520,66.75895,127.448
1521,66.26857,120.2754
1522,67.34174,127.4945
1523,67.39093,111.026
1524,71.04158,153.5447
1525,63.7418,110.9415
1526,66.91954,121.0967
1527,65.84956,123.5086
1528,67.03723,116.363
1529,67.92717,134.9384
1530,66.72742,113.8451
1531,66.34696,113.0531
1532,66.53015,127.5692
1533,68.60951,125.1506
1534,66.11208,115.4493
1535,67.01143,138.9409
1536,70.45763,133.292
1537,65.3277,130.5079
1538,67.28212,114.2578
1539,70.37548,137.6167
1540,68.04608,114.5218
1541,70.36839,139.4884
1542,68.38089,124.6962
1543,67.78852,130.045
1544,69.77907,141.782
1545,69.59613,125.4556
1546,67.9806,119.1796
1547,65.84256,107.0361
1548,66.99247,125.3591
1549,63.54764,115.7565
1550,71.50943,128.7986
1551,69.94093,129.3747
1552,71.21029,145.662
1553,71.56281,123.6062
1554,65.31159,124.6278
1555,65.18491,122.7439
1556,65.25283,120.2892
1557,67.46596,128.6295
1558,67.27426,111.5271
1559,64.97376,117.7437
1560,64.60687,109.4645
1561,69.736,132.9405
1562,67.7749,124.1881
1563,69.30528,136.8094
1564,71.38338,143.1901
1565,65.60915,117.3002
1566,66.23041,130.8166
1567,66.53307,137.4417
1568,67.51649,128.97
1569,67.72325,114.6422
1570,68.57113,138.4685
1571,66.23808,123.19
1572,67.75308,121.9934
1573,68.2829,149.3778
1574,68.40175,137.21
1575,66.09433,138.6653
1576,70.03545,118.8309
1577,65.46717,116.7297
1578,66.46693,131.5675
1579,67.85512,129.5762
1580,70.36596,131.4946
1581,68.09483,125.1984
1582,70.06267,131.8467
1583,67.65661,121.0286
1584,69.08508,121.8685
1585,68.40932,147.9118
1586,69.12972,130.6309
1587,67.97094,139.9751
1588,67.62895,126.6522
1589,66.80442,116.7992
1590,68.57388,132.4308
1591,67.45375,130.6493
1592,68.6366,132.6351
1593,65.92344,124.4934
1594,70.69799,129.6396
1595,68.09362,131.2952
1596,69.50493,121.3845
1597,67.03953,116.8423
1598,69.04839,143.4353
1599,70.66314,140.0996
1600,67.94574,127.1524
1601,68.5127,116.4033
1602,68.81282,145.5938
1603,67.15097,136.0613
1604,68.34367,126.2249
1605,67.38561,130.9905
1606,64.88607,131.7105
1607,65.5339,125.1818
1608,69.3919,147.0456
1609,66.46889,109.3503
1610,63.25683,120.7578
1611,67.61546,112.4772
1612,69.88085,138.4517
1613,70.15703,136.7186
1614,70.61107,136.0144
1615,71.3845,148.7104
1616,66.53779,120.4476
1617,71.05961,133.5431
1618,67.63928,140.0484
1619,63.8441,129.0091
1620,66.79275,121.0921
1621,68.61061,125.6694
1622,70.40975,117.6691
1623,65.20379,133.959
1624,69.08499,121.968
1625,68.29678,135.3754
1626,65.83832,111.6269
1627,67.18313,117.3099
1628,67.87544,131.75
1629,67.51672,130.3517
1630,67.98827,124.7463
1631,70.33848,127.5476
1632,67.29728,118.5713
1633,65.95685,118.7344
1634,65.2832,117.239
1635,71.86035,127.4872
1636,67.32069,128.9596
1637,68.52503,147.7036
1638,69.74627,132.158
1639,65.75926,129.6624
1640,67.26104,142.583
1641,67.59186,123.1966
1642,65.54701,114.619
1643,70.57745,134.1679
1644,64.93595,129.3978
1645,69.85715,133.0797
1646,70.81884,130.0722
1647,68.30112,139.2852
1648,67.54828,131.5521
1649,71.89737,135.3276
1650,68.81871,130.5668
1651,68.57948,144.8947
1652,66.01716,121.8662
1653,67.25756,110.649
1654,70.5545,150.0971
1655,66.29452,123.8581
1656,68.57082,128.4226
1657,68.60497,125.197
1658,67.99508,129.7427
1659,66.12931,125.7215
1660,66.41232,132.001
1661,68.42482,140.054
1662,66.80813,114.1178
1663,67.72371,116.1322
1664,70.99035,117.7071
1665,67.56098,131.2855
1666,69.12684,113.6105
1667,67.97635,144.7629
1668,66.30036,141.6047
1669,69.30957,140.0213
1670,65.63213,108.4237
1671,66.22333,117.2512
1672,66.74595,126.77
1673,69.66252,135.074
1674,68.21548,132.0189
1675,69.28403,109.2101
1676,69.64359,127.8589
1677,71.48035,122.0737
1678,69.37451,137.6851
1679,65.19039,127.5918
1680,64.02516,111.5819
1681,66.58522,121.3966
1682,65.81355,138.8427
1683,66.10408,116.5048
1684,68.56408,137.4424
1685,67.89191,121.9768
1686,71.42475,116.8105
1687,65.98772,126.0482
1688,70.95594,114.7284
1689,64.37344,126.7487
1690,69.76692,131.342
1691,66.46755,119.0926
1692,67.76109,137.8646
1693,71.17728,129.5914
1694,67.31413,128.105
1695,70.22181,137.4504
1696,69.28985,129.6324
1697,66.35778,133.4823
1698,69.27648,124.7911
1699,66.3778,113.9428
1700,63.24012,116.8399
1701,69.18211,138.7521
1702,69.11432,125.4607
1703,67.48024,130.5948
1704,69.75327,134.2699
1705,69.62313,143.4724
1706,65.95463,142.254
1707,68.89125,139.8464
1708,67.23829,132.4897
1709,67.73728,138.5529
1710,68.72443,123.1153
1711,65.20195,132.6998
1712,66.2865,106.6149
1713,68.01878,134.9917
1714,66.89261,130.92
1715,67.79814,122.4887
1716,66.6555,136.0645
1717,69.77338,119.5334
1718,68.42446,117.7405
1719,65.55531,115.5734
1720,68.34513,104.7006
1721,66.26115,123.6592
1722,66.40599,138.5289
1723,68.64386,132.2257
1724,68.70476,117.2914
1725,68.03119,141.6933
1726,66.25774,129.6313
1727,64.0967,94.51219
1728,67.0669,120.6412
1729,65.80509,121.3762
1730,68.05092,133.2667
1731,67.52718,127.9032
1732,66.35888,123.3962
1733,70.87196,136.9675
1734,68.29448,114.1357
1735,67.0344,118.0845
1736,70.91179,121.8608
1737,68.77458,145.5199
1738,68.8064,128.9862
1739,66.80841,110.4729
1740,65.02676,126.9126
1741,71.83389,141.1132
1742,67.41125,138.183
1743,68.8635,132.6335
1744,66.39633,127.2025
1745,67.90122,146.2561
1746,69.04019,141.6517
1747,66.26552,126.5209
1748,68.4645,121.554
1749,66.8815,116.5904
1750,71.36376,139.0275
1751,66.06344,116.2031
1752,66.64834,115.7431
1753,67.3297,116.8138
1754,68.20575,138.6574
1755,69.59793,108.5229
1756,67.50819,133.6747
1757,68.00385,128.0916
1758,69.51431,128.6687
1759,68.00582,115.4484
1760,67.59357,125.0018
1761,69.78942,136.4816
1762,72.36491,121.9301
1763,68.13393,126.8874
1764,67.83776,119.9595
1765,68.87619,142.2743
1766,66.04124,129.9792
1767,65.81569,131.1604
1768,69.22762,128.8601
1769,64.72395,111.9433
1770,68.48588,132.3867
1771,68.28041,134.2844
1772,65.5087,127.6919
1773,66.73361,114.5415
1774,69.20114,138.1499
1775,71.44618,140.358
1776,70.08869,125.9099
1777,69.6745,134.4383
1778,71.68575,136.6572
1779,71.09849,123.5248
1780,67.65215,130.345
1781,70.41131,149.8413
1782,68.33638,115.5647
1783,64.72321,109.6661
1784,64.6035,108.8823
1785,66.92416,112.3914
1786,68.46553,130.0139
1787,67.19789,136.8066
1788,67.78929,111.1892
1789,66.6783,119.3179
1790,67.38496,120.1224
1791,68.00018,124.093
1792,65.27378,117.8442
1793,69.14142,142.1545
1794,67.46178,122.3342
1795,68.87277,115.7081
1796,68.02365,136.5833
1797,70.33914,120.5965
1798,68.05498,121.269
1799,66.63059,133.5937
1800,66.23781,127.541
1801,70.68625,139.1153
1802,67.92487,140.4052
1803,67.98283,124.3543
1804,67.83966,136.9707
1805,70.87256,136.9799
1806,68.67371,129.9913
1807,65.63433,113.6199
1808,66.98566,127.6126
1809,69.39665,117.966
1810,67.97483,127.2407
1811,69.02449,123.8412
1812,65.06479,121.2687
1813,68.67376,118.5378
1814,67.57063,115.4182
1815,66.86965,131.2651
1816,66.42749,110.3212
1817,68.42186,129.2128
1818,69.83543,140.8802
1819,66.38544,121.1068
1820,69.67951,134.4281
1821,66.10079,116.2489
1822,65.82617,117.8009
1823,68.71368,126.455
1824,71.38503,137.1076
1825,69.73254,152.1776
1826,68.37367,128.6175
1827,65.05453,113.9725
1828,64.38195,105.9582
1829,69.22384,134.3052
1830,66.67906,132.4565
1831,69.15689,134.3756
1832,67.53215,146.8833
1833,70.71198,131.2724
1834,69.06844,132.9619
1835,66.36641,140.4684
1836,69.74416,144.838
1837,69.72221,129.261
1838,67.005,138.036
1839,68.39904,125.5747
1840,65.72237,129.4743
1841,70.41527,129.4677
1842,66.08413,105.1944
1843,66.34093,125.2679
1844,65.25134,128.237
1845,67.53562,123.3362
1846,68.21037,110.8623
1847,67.41542,114.4586
1848,69.8279,137.2435
1849,66.30495,125.8706
1850,69.06175,140.8451
1851,69.64603,131.2554
1852,70.75572,140.12
1853,67.51414,138.8613
1854,67.50856,117.374
1855,67.30225,109.9978
1856,67.76966,129.4122
1857,70.13058,135.1643
1858,66.28125,108.1378
1859,72.48112,146.3046
1860,66.93464,127.6499
1861,67.24385,133.5096
1862,69.30013,124.8396
1863,71.68649,123.4209
1864,69.69329,125.1731
1865,68.22858,116.5013
1866,70.77195,124.5635
1867,69.63875,132.8562
1868,67.5239,124.2136
1869,70.26869,137.6254
1870,67.32622,112.2365
1871,65.82766,117.92
1872,67.28046,107.1366
1873,68.47687,127.8631
1874,66.16499,119.5914
1875,71.12585,129.7663
1876,67.51094,126.2753
1877,67.98365,120.6916
1878,70.76255,147.2496
1879,68.13751,123.8089
1880,69.7139,124.9097
1881,69.28011,129.2576
1882,67.72134,133.2142
1883,71.35771,134.9818
1884,65.01169,115.4612
1885,66.57282,114.2201
1886,66.2121,126.4372
1887,68.42587,121.5315
1888,68.25899,137.3384
1889,71.66231,130.1496
1890,70.73674,149.3463
1891,68.81489,131.8088
1892,67.8052,124.5172
1893,67.28023,124.094
1894,75.1528,146.9701
1895,70.18385,135.8346
1896,70.11018,121.4131
1897,67.55479,131.3549
1898,65.19685,135.1309
1899,71.09811,141.27
1900,63.42211,106.4187
1901,69.87338,140.1507
1902,67.2773,140.0055
1903,66.189,124.8413
1904,65.71651,134.9238
1905,68.09428,136.0939
1906,69.12266,133.6055
1907,69.44989,114.209
1908,67.09671,144.4419
1909,68.50605,127.578
1910,68.14059,114.5292
1911,66.53479,118.9804
1912,67.30796,118.8584
1913,66.46388,114.4406
1914,68.23072,117.1258
1915,70.06314,139.3579
1916,69.26881,141.7621
1917,70.1554,117.3159
1918,66.0776,136.9107
1919,68.95747,130.915
1920,66.76727,124.4251
1921,69.8097,141.0605
1922,67.93231,125.3143
1923,69.44794,151.3939
1924,71.14183,118.1643
1925,66.84818,114.446
1926,67.75431,118.5776
1927,70.83193,129.1185
1928,69.21843,126.5898
1929,68.20571,133.0472
1930,67.32344,133.0028
1931,67.46411,130.5289
1932,67.70673,110.4494
1933,68.5877,131.6199
1934,70.18028,142.8787
1935,69.85138,137.0263
1936,68.82396,141.9518
1937,68.58454,123.7734
1938,66.17491,121.7871
1939,68.29599,112.7853
1940,66.01446,121.0144
1941,70.42725,124.4965
1942,65.95003,125.2296
1943,67.28507,121.1903
1944,70.23598,140.1737
1945,66.37594,136.5133
1946,65.72229,124.2645
1947,72.69022,150.1384
1948,65.52858,107.7887
1949,68.71508,128.8673
1950,69.34245,133.2224
1951,67.38242,125.7706
1952,68.05083,130.8925
1953,69.86498,151.5925
1954,64.51717,114.9571
1955,69.20595,139.6118
1956,67.98607,127.7814
1957,70.14776,139.3701
1958,70.4986,130.907
1959,66.86758,134.945
1960,68.64908,104.7127
1961,67.91149,113.4475
1962,69.24385,116.3492
1963,64.48072,109.5586
1964,71.64447,126.9269
1965,70.04642,146.8967
1966,68.12343,126.8031
1967,65.23383,122.345
1968,68.27239,127.8701
1969,66.17894,124.9103
1970,65.83059,123.0154
1971,65.62889,107.4306
1972,70.92752,111.6473
1973,69.29069,130.6183
1974,69.91684,132.766
1975,72.73301,125.9357
1976,68.44904,113.1008
1977,66.49335,123.1309
1978,72.21533,122.7007
1979,69.53524,139.1563
1980,64.79882,122.5688
1981,67.38254,126.915
1982,67.65345,131.7026
1983,70.01257,144.6798
1984,66.05945,133.332
1985,65.21051,109.8084
1986,68.39529,132.9511
1987,63.99095,123.6623
1988,70.31847,120.0304
1989,70.15159,123.1364
1990,68.01671,122.7495
1991,68.06098,125.8274
1992,66.98618,117.2347
1993,68.8061,142.7741
1994,70.30067,114.5538
1995,65.68106,111.1723
1996,69.27665,141.7056
1997,71.68898,126.5743
1998,67.17092,148.2722
1999,69.24215,132.6836
2000,68.73563,126.8221
2001,69.00812,125.4763
2002,68.69462,130.1342
2003,68.53874,123.2715
2004,67.68634,129.9806
2005,69.60608,138.6734
2006,68.91393,130.7056
2007,66.17148,113.3707
2008,67.46209,139.6833
2009,72.83513,148.8002
2010,64.01976,90.91793
2011,68.02868,123.7533
2012,68.51623,132.4995
2013,70.88524,131.3128
2014,65.29862,116.5172
2015,65.7635,109.1144
2016,65.46143,129.339
2017,65.99098,114.6394
2018,65.57951,136.1447
2019,69.70616,144.5925
2020,66.1974,107.9777
2021,68.23074,122.0759
2022,65.97964,123.3232
2023,71.26857,133.6208
2024,72.01497,159.2724
2025,68.93137,148.7762
2026,67.36601,120.2868
2027,70.12256,110.3036
2028,68.84918,137.6134
2029,67.62215,132.4802
2030,67.13659,136.4192
2031,70.39143,137.2703
2032,68.68117,134.8569
2033,66.92629,118.8555
2034,69.87266,144.0381
2035,67.94061,128.518
2036,68.495,125.988
2037,69.45516,121.0884
2038,67.72991,125.3854
2039,69.85473,141.3991
2040,66.63111,141.1397
2041,66.36326,116.8585
2042,68.2269,131.1664
2043,68.40577,134.5811
2044,68.44489,133.1242
2045,70.94089,137.7195
2046,69.65687,130.2491
2047,65.06613,109.5825
2048,71.81628,142.8719
2049,65.92674,101.6217
2050,66.52018,112.3553
2051,70.52744,131.0845
2052,66.25032,131.0484
2053,64.72936,111.5548
2054,63.79906,110.8498
2055,65.38373,127.4708
2056,65.57359,107.7067
2057,66.57608,115.1232
2058,67.28745,112.1197
2059,66.14358,128.0777
2060,66.11741,119.4651
2061,67.68233,124.5983
2062,68.74723,126.0285
2063,66.5915,111.3977
2064,65.01782,127.722
2065,69.28345,124.8207
2066,67.19343,122.9788
2067,69.81336,117.7117
2068,66.55388,120.7289
2069,66.14617,121.3302
2070,69.93036,146.6089
2071,66.70056,126.013
2072,67.68095,128.1474
2073,67.87796,129.5415
2074,67.65549,121.5145
2075,71.1713,157.9626
2076,69.01806,127.8941
2077,70.58265,127.1594
2078,70.89693,140.8109
2079,68.51895,140.1451
2080,66.61835,132.7723
2081,66.07169,116.0089
2082,68.1535,121.2886
2083,72.89832,147.5384
2084,69.90164,138.8642
2085,66.50525,120.8563
2086,69.27168,125.8179
2087,70.53643,135.3753
2088,65.1243,107.6247
2089,70.34418,122.9851
2090,69.13083,131.7164
2091,65.21067,110.3376
2092,67.08781,100.2532
2093,64.65639,106.579
2094,66.28071,121.223
2095,71.30341,130.5588
2096,66.91234,132.6182
2097,70.84318,132.613
2098,66.65796,117.8331
2099,64.54303,94.29987
2100,66.43942,125.1826
2101,66.60747,125.3684
2102,66.38807,117.4577
2103,66.85611,130.8168
2104,68.50863,128.3144
2105,63.45049,118.4083
2106,67.54653,129.4669
2107,65.41398,116.7348
2108,66.91885,146.8505
2109,67.59652,120.2168
2110,67.05552,136.2774
2111,68.00153,130.1697
2112,70.33681,134.8282
2113,69.10376,126.2799
2114,68.12704,142.6738
2115,67.5512,121.2891
2116,68.78357,111.1965
2117,66.62497,130.424
2118,67.88387,138.8309
2119,67.75152,125.105
2120,68.3286,141.6323
2121,71.05207,149.779
2122,68.11943,118.6268
2123,66.44223,119.4357
2124,71.4563,134.9113
2125,68.60548,133.1629
2126,70.82734,147.2884
2127,68.89076,117.6717
2128,67.15411,122.843
2129,68.76271,125.7926
2130,70.53185,143.2531
2131,66.47953,127.2118
2132,67.94262,113.7238
2133,68.79538,130.932
2134,69.95518,129.5075
2135,69.99489,157.6149
2136,66.55505,125.4636
2137,65.14815,105.3601
2138,70.40094,130.4476
2139,68.32002,152.0527
2140,65.60842,143.9545
2141,70.63864,136.1993
2142,65.08404,117.4157
2143,64.31842,114.5616
2144,66.0525,115.1065
2145,67.35994,121.8544
2146,70.1376,150.2085
2147,67.49796,122.1628
2148,67.1125,115.5902
2149,67.27925,133.3105
2150,66.55492,141.4402
2151,68.1384,130.7908
2152,68.54096,143.1515
2153,68.52593,138.0426
2154,70.77318,120.9532
2155,66.72984,104.5502
2156,66.30573,120.3066
2157,66.1654,116.7474
2158,65.52686,127.6185
2159,71.0176,128.7638
2160,64.0731,132.1263
2161,67.07894,136.2565
2162,66.92118,114.2461
2163,63.92073,117.7804
2164,66.76895,121.7656
2165,67.31046,117.4512
2166,66.94519,137.7336
2167,69.97793,133.2135
2168,66.4156,114.16
2169,69.46121,136.8798
2170,66.47267,125.4235
2171,67.69989,121.4915
2172,68.6046,123.3492
2173,66.82256,107.8004
2174,66.31555,117.1775
2175,69.11039,126.3083
2176,65.94386,115.3139
2177,69.86148,143.7522
2178,64.55479,113.2482
2179,65.56126,131.7643
2180,65.07865,125.8387
2181,66.30496,115.8846
2182,68.63331,139.0539
2183,67.39243,121.7331
2184,66.73104,141.1317
2185,65.57961,127.9611
2186,67.97668,132.1352
2187,62.60611,129.76
2188,66.26361,129.4162
2189,65.65796,118.7804
2190,66.31902,105.7105
2191,65.15141,124.8365
2192,67.06755,141.8106
2193,68.07294,123.0209
2194,68.73375,118.3051
2195,66.50974,123.1286
2196,71.35483,125.0842
2197,67.36943,118.0443
2198,66.53342,134.41
2199,67.44518,132.5899
2200,69.37871,123.6421
2201,68.47617,136.737
2202,66.81962,130.4451
2203,68.62691,121.9836
2204,70.55478,124.8816
2205,65.26709,110.6805
2206,65.35329,108.9072
2207,65.63866,129.7145
2208,69.57228,140.2426
2209,66.41871,137.8126
2210,68.25694,140.6602
2211,70.74604,136.5621
2212,68.35787,121.0365
2213,69.64013,141.548
2214,65.35452,137.184
2215,71.92675,156.5442
2216,70.13403,137.22
2217,65.16717,121.5264
2218,69.31063,122.0461
2219,66.33317,131.3132
2220,68.65304,127.5565
2221,70.27541,135.3191
2222,67.57713,128.8936
2223,69.1971,134.756
2224,69.6239,129.9452
2225,65.86809,127.9121
2226,69.92456,134.6123
2227,68.42315,138.5594
2228,67.61231,145.1953
2229,68.12858,113.7951
2230,64.76601,118.6754
2231,65.33382,129.7622
2232,67.64472,133.5081
2233,69.06267,139.8787
2234,67.17574,117.2661
2235,65.69758,116.9811
2236,68.57486,141.1557
2237,66.34328,138.224
2238,62.78196,119.847
2239,65.28308,112.5769
2240,69.9312,139.7362
2241,65.2271,130.6158
2242,71.57674,142.2788
2243,69.1121,134.2085
2244,68.83916,123.6683
2245,66.39741,119.1475
2246,66.69861,133.9891
2247,64.95406,115.6216
2248,69.50341,135.2493
2249,69.43668,115.9697
2250,67.07002,121.3118
2251,70.49846,134.3579
2252,69.18776,143.0344
2253,67.48622,119.856
2254,67.40826,124.8424
2255,69.43651,127.9505
2256,64.15318,112.225
2257,69.14007,137.3179
2258,68.8929,120.1185
2259,64.95274,93.44115
2260,66.41945,137.0321
2261,67.42646,124.5909
2262,65.63755,126.3297
2263,70.16858,128.3273
2264,66.23711,130.688
2265,66.49138,138.4146
2266,65.0471,116.7381
2267,67.08449,118.1314
2268,64.3389,128.2028
2269,64.20833,113.1561
2270,66.89449,113.1405
2271,65.79218,126.8992
2272,68.843,131.3916
2273,71.09755,143.3004
2274,63.8882,122.9986
2275,68.35671,136.7665
2276,69.47682,140.3565
2277,69.0265,138.7555
2278,70.29803,135.4454
2279,70.84459,135.3925
2280,71.86799,144.6497
2281,69.57461,139.8465
2282,70.88841,136.5899
2283,67.94317,123.7762
2284,67.70347,127.8934
2285,68.59478,148.9399
2286,66.91402,128.9211
2287,68.33449,125.5417
2288,64.65946,140.4392
2289,66.05221,115.642
2290,70.24304,130.7133
2291,67.37048,119.0077
2292,69.95831,128.0902
2293,70.64717,153.0286
2294,70.5802,127.6482
2295,68.86101,134.8113
2296,68.7432,121.5345
2297,67.17409,128.304
2298,65.78148,107.3133
2299,67.52494,136.2616
2300,67.08075,149.1684
2301,67.69345,129.6252
2302,64.64051,105.8442
2303,69.36402,113.9182
2304,69.2178,142.8796
2305,67.36034,119.1631
2306,65.63764,117.8529
2307,68.76324,126.8712
2308,68.17144,124.9338
2309,65.83305,103.8489
2310,69.30622,130.2827
2311,70.8049,123.8101
2312,66.59071,137.5423
2313,64.67352,104.9377
2314,71.93986,129.2747
2315,67.64634,120.458
2316,68.73411,126.8398
2317,66.95634,127.1688
2318,72.56549,130.0389
2319,67.36934,136.9061
2320,70.02946,135.9857
2321,66.54034,110.9114
2322,67.74769,113.6583
2323,67.57706,144.701
2324,66.52633,133.8333
2325,69.15551,152.127
2326,69.19157,122.7961
2327,66.60061,118.2649
2328,67.07004,106.2097
2329,69.57028,148.5705
2330,69.23016,101.4527
2331,69.26795,137.5001
2332,67.56717,123.1061
2333,69.10176,142.433
2334,68.54151,127.3761
2335,70.86149,151.2788
2336,67.9873,124.5609
2337,71.04092,127.1598
2338,66.70805,140.2543
2339,65.77676,113.7058
2340,66.79414,116.248
2341,65.93191,109.5517
2342,67.72422,131.8711
2343,66.72423,112.366
2344,66.68607,115.4197
2345,67.25768,119.9769
2346,70.52978,128.2009
2347,69.74125,128.6789
2348,68.75608,115.2882
2349,67.61299,136.677
2350,72.13419,137.7854
2351,67.91004,126.6205
2352,66.18756,125.3221
2353,71.71529,144.446
2354,70.6841,137.8075
2355,71.87845,143.0609
2356,67.75918,131.826
2357,67.09216,122.1749
2358,66.79895,105.8924
2359,63.56132,118.8125
2360,66.49532,139.3133
2361,68.50215,124.2763
2362,66.83975,116.7159
2363,70.64111,134.415
2364,66.0167,117.703
2365,67.3482,126.8963
2366,67.26092,120.9883
2367,70.82199,140.3611
2368,68.33332,102.5002
2369,69.37897,132.5554
2370,64.7609,119.6373
2371,68.699,125.9149
2372,69.49404,125.5505
2373,68.0849,122.5232
2374,66.37539,134.8766
2375,66.75613,121.5063
2376,69.64206,123.3271
2377,69.77774,133.0832
2378,69.49214,118.9607
2379,65.84828,101.1193
2380,70.71369,143.1946
2381,68.48099,126.7384
2382,69.37374,141.1484
2383,70.52541,135.1763
2384,68.70978,128.8899
2385,67.62641,109.3522
2386,68.33709,137.5541
2387,68.23178,139.1303
2388,67.91161,132.0641
2389,70.32186,136.4673
2390,66.39807,128.5349
2391,66.51667,134.4822
2392,69.61525,122.5729
2393,67.63565,140.0854
2394,71.06313,139.9112
2395,70.62246,127.4324
2396,73.99549,142.9016
2397,67.4663,125.8276
2398,65.91279,101.2434
2399,65.60691,115.9997
2400,69.50033,126.7393
2401,69.43735,133.5447
2402,69.00905,116.1499
2403,68.58614,124.1333
2404,66.96198,118.7229
2405,64.56606,135.4686
2406,69.48658,132.5799
2407,65.65789,145.9751
2408,66.80094,112.1247
2409,68.93784,135.9755
2410,68.90478,120.921
2411,68.50005,132.7228
2412,68.02851,135.0685
2413,69.2145,134.8578
2414,68.48721,141.7791
2415,68.80928,151.4206
2416,67.04824,134.1504
2417,68.89055,139.3242
2418,68.75779,132.5058
2419,72.33195,143.5202
2420,66.51286,121.8849
2421,66.7188,122.9302
2422,67.20628,118.5206
2423,70.19428,131.9154
2424,65.51378,122.5787
2425,68.83979,113.5812
2426,66.95528,129.9893
2427,68.03878,123.9609
2428,71.01151,119.9164
2429,69.14341,124.9403
2430,68.86125,131.6645
2431,64.6203,109.2955
2432,68.44749,110.9724
2433,68.82404,121.5044
2434,66.41585,127.7426
2435,68.86164,147.5692
2436,65.7798,148.7053
2437,63.82215,109.0177
2438,67.97504,119.6017
2439,68.39135,123.7223
2440,66.54816,124.8416
2441,71.1807,144.0008
2442,66.03415,136.0093
2443,66.19208,127.1191
2444,65.8689,121.6531
2445,68.65011,128.9604
2446,68.79753,135.4419
2447,66.39828,123.0735
2448,68.08765,120.0428
2449,68.20122,120.2027
2450,64.65154,124.8094
2451,69.30569,133.7108
2452,67.89566,118.2086
2453,66.23676,131.8546
2454,66.84304,113.6315
2455,68.77237,131.1206
2456,68.78389,141.022
2457,70.30029,128.1661
2458,67.68475,124.7755
2459,69.56671,131.8861
2460,69.36532,124.6139
2461,66.46909,112.5943
2462,71.37399,146.4358
2463,68.12643,126.6456
2464,69.49226,136.9902
2465,65.07859,118.1795
2466,66.27357,144.6287
2467,70.26356,154.9408
2468,67.37111,116.9522
2469,68.38613,140.6401
2470,68.68559,116.6275
2471,66.67024,136.6266
2472,71.15168,131.1853
2473,63.86399,113.9441
2474,69.25001,134.6576
2475,67.20448,107.6304
2476,66.94316,106.9521
2477,67.99592,146.6396
2478,67.12143,114.9585
2479,69.87331,131.0168
2480,67.35332,127.6156
2481,71.53386,145.1178
2482,75.11519,153.9562
2483,67.61043,133.6125
2484,64.23075,127.6976
2485,65.51542,126.4846
2486,63.1937,90.6784
2487,68.69521,109.923
2488,66.22516,101.8528
2489,69.44849,114.3461
2490,70.73043,125.1501
2491,70.1737,157.2751
2492,64.7817,111.8687
2493,63.91382,102.5247
2494,68.02246,129.9915
2495,70.48458,156.3703
2496,68.31433,122.7189
2497,68.63014,125.6964
2498,68.12174,126.2062
2499,67.40773,155.2615
2500,68.97304,142.8808
2501,65.72097,121.262
2502,68.32077,124.3155
2503,67.56613,111.6843
2504,69.50262,124.186
2505,67.82427,126.4867
2506,70.85958,142.6651
2507,64.04489,108.8473
2508,66.43905,116.66
2509,68.79621,143.6181
2510,70.05244,123.0933
2511,66.04605,115.0598
2512,69.05127,132.1098
2513,65.61974,120.7598
2514,67.60382,119.7671
2515,67.89065,122.1496
2516,70.01739,123.9711
2517,67.80728,121.4194
2518,67.14185,123.66
2519,65.39888,98.05813
2520,68.70988,133.8099
2521,69.04936,141.6987
2522,67.91969,117.5158
2523,72.30217,132.1645
2524,63.7019,124.5106
2525,70.475,105.7802
2526,67.64613,133.4242
2527,67.75898,125.3875
2528,69.1102,132.6382
2529,65.59124,121.0751
2530,67.63581,121.5355
2531,70.74732,142.0038
2532,70.99416,135.1886
2533,67.66798,118.3373
2534,67.19997,122.9425
2535,67.4785,116.4973
2536,67.66945,133.004
2537,70.62281,146.4085
2538,68.85256,137.2776
2539,65.32564,122.0439
2540,68.76499,140.8147
2541,70.56586,136.7946
2542,69.11378,127.4421
2543,69.47685,130.272
2544,70.13374,131.169
2545,66.07211,129.6342
2546,68.40149,125.6933
2547,65.13161,104.973
2548,64.07239,120.2984
2549,63.84484,102.4259
2550,65.55111,123.8357
2551,66.41112,117.7
2552,65.05758,121.8919
2553,69.2384,128.4571
2554,68.75803,113.1578
2555,68.17548,125.2742
2556,70.1552,139.8009
2557,67.70652,121.3818
2558,66.95169,114.5435
2559,70.92538,133.8388
2560,66.06089,135.6656
2561,66.10974,127.3786
2562,70.57236,140.6434
2563,66.67735,113.9708
2564,65.99458,120.7042
2565,63.44297,116.0752
2566,66.32955,131.0291
2567,66.53488,134.6458
2568,66.80528,111.616
2569,67.9896,110.0452
2570,64.99295,106.053
2571,66.56539,124.0282
2572,66.804,113.4492
2573,67.96612,132.3117
2574,64.71711,118.356
2575,65.82856,106.1109
2576,69.08496,136.7244
2577,68.28753,125.6799
2578,71.11334,126.4908
2579,69.34872,148.1527
2580,67.62203,117.9474
2581,66.06295,124.5018
2582,70.00342,127.0128
2583,66.52881,127.605
2584,68.60366,129.5427
2585,69.53265,142.0317
2586,69.5404,134.8729
2587,68.42714,124.9955
2588,70.12002,137.7196
2589,68.89234,116.8002
2590,67.64467,123.6212
2591,68.97063,129.4071
2592,71.51466,151.9696
2593,70.71134,142.4361
2594,66.90583,114.3278
2595,69.57597,106.1963
2596,66.48164,111.3787
2597,66.89809,118.3329
2598,69.13909,138.206
2599,68.61774,132.7075
2600,66.16611,111.9004
2601,66.64128,114.0856
2602,69.54521,123.4319
2603,62.86795,98.05815
2604,67.85282,125.754
2605,68.54477,133.7416
2606,68.66811,143.6143
2607,70.12714,123.7248
2608,66.78985,127.694
2609,67.27782,126.7293
2610,66.9553,121.6118
2611,69.44337,123.5342
2612,71.51895,143.988
2613,69.66995,137.9075
2614,68.47294,109.4371
2615,66.19926,110.991
2616,68.78565,144.0145
2617,67.86643,121.9737
2618,67.76132,128.252
2619,68.54873,117.4352
2620,68.46365,130.4536
2621,67.00444,93.78282
2622,68.04189,121.4741
2623,70.80235,140.4798
2624,67.7232,120.5494
2625,68.05748,126.1797
2626,69.86881,128.3204
2627,67.67538,105.9584
2628,68.32806,126.9252
2629,69.88401,142.7832
2630,68.80968,111.1686
2631,68.36811,114.3121
2632,68.8827,143.8443
2633,64.85888,121.0848
2634,67.02277,136.9794
2635,65.65821,123.2681
2636,70.01384,130.2018
2637,68.95576,129.1215
2638,69.72231,135.8375
2639,68.26031,138.5268
2640,67.79651,146.5558
2641,66.57574,114.2481
2642,70.38311,146.8498
2643,66.49668,122.807
2644,68.21731,127.527
2645,68.08084,130.6424
2646,66.89732,125.6947
2647,71.03529,135.7172
2648,67.69483,110.6572
2649,66.71312,122.9811
2650,66.19389,115.5235
2651,70.84883,125.1626
2652,60.61265,88.04646
2653,69.33158,109.2915
2654,68.82694,127.2504
2655,68.76714,110.0752
2656,68.3665,121.2376
2657,68.8963,113.0423
2658,71.52552,144.707
2659,66.3396,111.3345
2660,69.24295,139.3186
2661,65.44706,129.4057
2662,64.98078,121.7515
2663,64.73308,112.2606
2664,65.95421,123.4114
2665,69.23656,113.0173
2666,66.6319,113.3885
2667,65.56464,111.7275
2668,67.89517,127.8383
2669,66.72053,134.4433
2670,67.33628,133.6352
2671,68.00682,128.9038
2672,69.59907,140.7606
2673,65.7514,121.8273
2674,66.54868,133.0094
2675,68.67978,122.6398
2676,67.29012,149.083
2677,67.91637,136.5971
2678,65.73796,111.1435
2679,67.89939,107.5045
2680,72.78908,137.0203
2681,65.98489,129.277
2682,69.67441,121.7105
2683,66.75669,116.2148
2684,67.43375,117.4727
2685,67.67624,123.6071
2686,71.25079,133.5001
2687,69.21284,122.3603
2688,70.47954,134.4949
2689,65.27987,134.6225
2690,71.09122,139.2202
2691,69.56615,124.2333
2692,66.89046,128.8185
2693,67.70276,138.9186
2694,66.77085,121.5008
2695,67.85276,148.7195
2696,70.78378,124.5162
2697,67.09928,121.3383
2698,70.44992,133.1712
2699,69.80734,137.2218
2700,69.2187,156.353
2701,69.75148,147.7342
2702,69.25709,142.5795
2703,69.00485,122.6004
2704,66.51077,127.8756
2705,71.06999,121.0861
2706,73.10762,151.6868
2707,71.20673,137.8023
2708,64.27555,102.5237
2709,70.05278,122.6111
2710,66.79032,105.706
2711,68.34193,113.765
2712,68.51775,134.1383
2713,68.93108,138.9163
2714,66.41503,110.2628
2715,66.67827,108.1567
2716,70.52101,146.2975
2717,68.30664,134.6639
2718,67.0116,136.9904
2719,69.88845,125.9301
2720,69.26417,131.5566
2721,67.90954,120.4869
2722,62.73809,105.2201
2723,67.25447,117.0512
2724,65.59876,117.1139
2725,69.77845,122.691
2726,70.90472,150.021
2727,67.19538,111.1027
2728,67.90593,122.2626
2729,69.80063,145.7116
2730,66.6932,139.5749
2731,67.39204,119.839
2732,67.05894,120.139
2733,69.77321,143.6484
2734,68.61434,142.6088
2735,68.04448,114.4534
2736,69.71027,160.8859
2737,69.63078,132.8733
2738,71.04817,138.0744
2739,67.8894,128.7946
2740,69.08591,139.7656
2741,70.50786,127.2788
2742,66.75964,140.3527
2743,66.45788,118.3607
2744,64.38452,109.4539
2745,67.70213,135.3701
2746,72.16119,141.8671
2747,66.73368,134.3878
2748,64.59658,113.6028
2749,69.18583,136.7389
2750,67.70525,142.2085
2751,70.46124,132.8252
2752,66.84239,135.3456
2753,68.09464,126.5742
2754,69.27278,141.667
2755,66.06118,114.3427
2756,68.85839,142.794
2757,68.24827,109.1823
2758,69.68789,123.3539
2759,70.34077,139.9099
2760,68.47674,118.7857
2761,66.78425,122.2756
2762,67.06985,124.811
2763,68.38893,112.4658
2764,67.18538,111.7251
2765,66.8759,109.1189
2766,72.46405,138.8395
2767,68.05495,125.6718
2768,68.9238,129.8238
2769,66.55309,117.9982
2770,68.00334,133.4084
2771,62.53614,120.647
2772,70.71058,140.2181
2773,68.53707,125.2862
2774,70.0098,151.713
2775,68.65745,120.2825
2776,68.89097,119.1438
2777,67.25272,133.3836
2778,67.39484,133.6104
2779,63.37237,128.7288
2780,67.9351,120.8477
2781,68.38418,131.7234
2782,68.37863,134.8459
2783,65.57367,137.9377
2784,65.23577,128.5973
2785,71.3169,139.8829
2786,70.16627,129.0204
2787,67.42392,122.5717
2788,70.49904,114.3634
2789,68.30668,135.853
2790,67.14412,135.207
2791,64.68621,94.21971
2792,66.82203,140.4193
2793,66.17213,123.9367
2794,67.40223,129.5135
2795,69.65239,148.1859
2796,64.6447,120.4178
2797,63.86895,97.02574
2798,67.7235,114.9802
2799,66.78698,104.0527
2800,68.37223,140.6462
2801,68.04613,118.4149
2802,70.70988,146.6187
2803,68.42309,133.7406
2804,69.39765,118.5079
2805,71.73856,150.9213
2806,70.69601,121.8109
2807,69.79586,146.1372
2808,69.20814,128.8862
2809,66.49242,128.4737
2810,67.16108,139.2681
2811,68.76219,126.9364
2812,66.64609,134.9489
2813,69.91623,141.9177
2814,70.71477,137.8023
2815,68.86691,117.7445
2816,65.56879,119.5334
2817,70.7695,147.1214
2818,68.31719,134.2732
2819,63.7678,97.04078
2820,66.49473,122.836
2821,69.21965,129.9591
2822,71.49924,149.1274
2823,67.75486,128.5848
2824,66.19603,117.3529
2825,65.29404,112.1173
2826,68.37324,129.5659
2827,69.09809,121.057
2828,68.5956,110.0357
2829,67.78989,120.7787
2830,67.02507,122.308
2831,66.31844,126.8147
2832,66.33367,140.2312
2833,65.50586,111.649
2834,68.05216,124.0093
2835,69.33545,135.4809
2836,66.39304,126.1881
2837,69.2076,143.3931
2838,70.21379,122.1613
2839,69.178,142.7784
2840,66.76739,134.2148
2841,64.88316,125.5308
2842,70.25427,130.1801
2843,68.38013,130.1171
2844,66.62364,121.8803
2845,67.96737,116.8868
2846,69.07966,128.4637
2847,65.49639,108.2566
2848,67.94823,131.4797
2849,67.69124,131.0789
2850,69.9714,134.3432
2851,67.69387,112.2898
2852,65.98735,113.6996
2853,68.3664,128.5446
2854,69.52877,136.7997
2855,69.27294,130.2612
2856,69.41669,128.4186
2857,70.15337,139.8741
2858,69.82573,132.6543
2859,65.91827,115.9192
2860,67.98945,118.7202
2861,72.12813,135.5268
2862,67.48301,113.3464
2863,68.26193,117.904
2864,69.41184,130.5207
2865,67.82148,123.5959
2866,69.69729,141.3599
2867,63.45113,104.2273
2868,66.9028,122.3933
2869,69.05969,134.2747
2870,69.02413,120.2068
2871,65.1896,127.2096
2872,65.30411,119.1556
2873,67.8454,100.2365
2874,67.09743,121.1992
2875,65.5786,108.1626
2876,68.31828,129.8971
2877,67.77752,125.3103
2878,67.83922,130.7952
2879,67.09143,127.9221
2880,68.6965,135.3072
2881,70.66714,141.6093
2882,65.74989,134.5339
2883,68.51671,135.9882
2884,67.59335,125.5196
2885,65.84344,123.0473
2886,64.9153,118.3384
2887,64.58123,119.5443
2888,66.90827,136.7318
2889,68.0883,129.1382
2890,65.46098,117.3543
2891,69.62403,133.886
2892,70.62668,127.1567
2893,65.82364,118.264
2894,65.06787,120.8378
2895,66.22122,132.7183
2896,69.68826,125.88
2897,69.70612,129.4925
2898,67.65097,136.1796
2899,69.95219,133.0623
2900,70.00937,129.9978
2901,67.61783,125.53
2902,69.31318,139.8597
2903,68.22656,132.6316
2904,68.55723,118.8729
2905,64.22112,122.1174
2906,66.05632,127.3063
2907,66.90354,113.6921
2908,66.84621,121.585
2909,69.4938,146.0665
2910,68.55353,113.6965
2911,65.61282,110.3262
2912,67.37674,124.0148
2913,68.09175,128.9185
2914,66.65804,117.0019
2915,69.54961,144.9385
2916,66.25728,123.9976
2917,67.98509,135.5365
2918,66.09544,126.996
2919,70.52477,134.6828
2920,67.19875,111.0968
2921,68.24137,121.9514
2922,70.97253,134.2293
2923,66.62434,128.3887
2924,65.60995,124.7491
2925,67.79978,111.9651
2926,67.56776,128.4301
2927,65.14281,113.4592
2928,65.46067,129.2624
2929,68.4843,131.5885
2930,68.24746,126.4105
2931,68.62227,137.2275
2932,67.23277,123.8138
2933,70.9315,124.931
2934,70.41644,145.2017
2935,67.76785,125.2728
2936,68.93413,128.9511
2937,66.63682,123.6178
2938,68.50584,123.3779
2939,66.74655,103.455
2940,68.34022,121.1823
2941,68.64082,104.9272
2942,67.7798,119.9736
2943,68.01308,132.8794
2944,64.20657,119.5831
2945,68.16944,128.8536
2946,67.55289,125.4723
2947,67.94972,120.232
2948,65.82888,110.4565
2949,67.43166,138.2801
2950,69.76313,124.4852
2951,66.74117,117.0476
2952,67.23078,127.707
2953,66.219,121.3801
2954,65.57556,126.3779
2955,66.46532,105.6146
2956,71.70666,150.0118
2957,68.32124,127.4253
2958,65.81092,123.0644
2959,68.90095,119.241
2960,66.25545,124.3161
2961,67.63532,119.8268
2962,69.60217,135.871
2963,69.19207,129.4251
2964,68.12331,116.5582
2965,67.47898,116.8066
2966,66.24642,113.4835
2967,68.50173,121.5935
2968,62.87696,102.6336
2969,65.24352,109.5423
2970,69.99091,136.7711
2971,68.75121,125.0167
2972,66.26559,132.9041
2973,67.33988,137.9208
2974,66.08783,128.0748
2975,69.10841,141.3046
2976,68.02947,136.2458
2977,71.4988,144.147
2978,66.42022,128.7172
2979,68.53037,127.7893
2980,69.54256,134.6098
2981,68.89587,149.2571
2982,65.34144,118.4045
2983,68.85953,147.4612
2984,67.9932,115.8792
2985,70.34681,132.0704
2986,65.40868,123.2475
2987,69.67377,134.0875
2988,70.37964,137.3754
2989,68.23626,128.6996
2990,67.40948,133.7103
2991,69.72564,131.2636
2992,66.96911,112.5541
2993,67.05246,118.0263
2994,68.0873,127.3013
2995,70.4947,125.7998
2996,68.59715,126.259
2997,66.45012,119.3414
2998,67.24533,122.5965
2999,69.22665,135.3375
